customerNumber,customerName,phone,addressLine1,city,postal code,creditLimit,Country,Latitude,Longitude
103,Atelier graphique,40.32.2555,"54, rue Royale",Nantes,44000,21000,France,46.2276,2.2137
112,Signal Gift Stores,7025551838,8489 Strong St.,Las Vegas,83030,71800,USA,37.0902,-95.7129
114,"Australian Collectors, Co.",03 9520 4555,636 St Kilda Road,Melbourne,3004,117300,Australia,-25.2744,133.7751
119,La Rochelle Gifts,40.67.8555,"67, rue des Cinquante Otages",Nantes,44000,118200,France,46.2276,2.2137
121,Baane Mini Imports,07-98 9555,Erling Skakkes gate 78,Stavern,4110,81700,Norway,60.472,8.4689
124,Mini Gifts Distributors Ltd.,4155551450,5677 Strong St.,San Rafael,97562,210500,Poland,51.9194,19.1451
125,Havel & Zbyszek Co,(26) 642-7555,ul. Filtrowa 68,Warszawa,01-012,210500,Germany,51.1657,10.4515
128,"Blauer See Auto, Co.",+49 69 66 90 2555,Lyonerstr. 34,Frankfurt,60528,59700,USA,37.0902,-95.7129
129,Mini Wheels Co.,6505555787,5557 North Pendale Street,San Francisco,94217,64600,USA,37.0902,-95.7129
131,Land of Toys Inc.,2125557818,897 Long Airport Avenue,NYC,10022,114900,Spain,40.4637,-3.7492
141,Euro+ Shopping Channel,(91) 555 94 44,"C/ Moralzarzal, 86",Madrid,28034,227600,Sweden,60.1282,18.6435
144,"Volvo Model Replicas, Co",0921-12 3555,Berguvsv�gen  8,Lule�,S-958 22,53100,Denmark,56.2639,9.5018
145,Danish Wholesale Imports,31 12 3555,Vinb�ltet 34,Kobenhavn,1734,210500,France,46.2276,2.2137
146,"Saveley & Henriot, Co.",78.32.5555,"2, rue du Commerce",Lyon,69004,123900,Singapore,1.3521,103.8198
148,"Dragon Souveniers, Ltd.",+65 221 7555,Bronz Sok.,Singapore,079903,103800,USA,37.0902,-95.7129
151,Muscle Machine Inc,2125557413,4092 Furth Circle,NYC,,138500,USA,37.0902,-95.7129
157,Diecast Classics Inc.,2155551555,7586 Pompton St.,Allentown,70267,100600,USA,37.0902,-95.7129
161,Technics Stores Inc.,6505556809,9408 Furth Circle,Burlingame,94217,84600,Singapore,1.3521,103.8198
166,Handji Gifts& Co,+65 224 1555,106 Linden Road Sandown,Singapore,069045,97900,Norway,60.472,8.4689
167,Herkku Gifts,+47 2267 3215,Brehmen St. 121,Bergen,N 5804,96800,USA,37.0902,-95.7129
168,American Souvenirs Inc,2035557845,149 Spinnaker Dr.,New Haven,97823,210500,Portugal,39.3999,-8.2245
169,Porto Imports Co.,(1) 356-5555,Estrada da sa�de n. 58,Lisboa,1756,210500,France,46.2276,2.2137
171,Daedalus Designs Imports,20.16.1555,"184, chauss�e de Tournai",Lille,59000,82900,USA,37.0902,-95.7129
172,"La Corne D'abondance, Co.",(1) 42.34.2555,"265, boulevard Charonne",Paris,75012,84300,USA,37.0902,-95.7129
173,Cambridge Collectables Co.,6175555555,4658 Baden Av.,Cambridge,51247,43400,Japan,36.2048,138.2529
175,Gift Depot Inc.,2035552570,25593 South Bay Ln.,Bridgewater,97562,84300,Finland,61.9241,25.7482
177,Osaka Souveniers Co.,+81 06 6342 5555,1-6-20 Dojima,Kita-ku, 530-0003,81200,UK,55.3781,-3.436
181,Vitachrome Inc.,2125551500,2678 Kingston Rd.,NYC,10022,76400,Ireland,53.4129,-8.2439
186,"Toys of Finland, Co.",90-224 8555,Keskuskatu 45,Helsinki,21240,96500,USA,37.0902,-95.7129
187,"AV Stores, Co.",(171) 555-1555,Fauntleroy Circus,Manchester,EC2 5NT,136800,UK,55.3781,-3.436
189,"Clover Collections, Co.",+353 1862 1555,25 Maiden Lane,Dublin,2,69400,Canada,56.1304,-106.3468
198,Auto-Moto Classics Inc.,6175558428,16780 Pompton St.,Brickhaven,58339,23000,USA,37.0902,-95.7129
201,"UK Collectables, Ltd.",(171) 555-2282,"12, Berkeley Gardens Blvd",Liverpool,WX1 6LT,92700,USA,37.0902,-95.7129
202,Canadian Gift Exchange Network,(604) 555-3392,1900 Oak St.,Vancouver,V3F 2K1,90300,Singapore,1.3521,103.8198
204,Online Mini Collectables,6175557555,7635 Spinnaker Dr.,Brickhaven,58339,210500,France,46.2276,2.2137
205,Toys4GrownUps.com,6265557265,78934 Hillside Dr.,Pasadena,90003,90700,Hong Kong,22.3193,114.1694
206,"Asian Shopping Network, Co",+612 9411 1555,Suntec Tower Three,Singapore,038988,,Spain,40.4637,-3.7492
209,Mini Caravy,88.60.1555,"24, place Kl�ber",Strasbourg,67000,53800,USA,37.0902,-95.7129
211,"King Kong Collectables, Co.",+852 2251 1555,Bank of China Tower,Central Hong Kong,,58600,Germany,51.1657,10.4515
216,Enaco Distributors,(93) 203 4555,"Rambla de Catalu�a, 23",Barcelona,08022,60300,Denmark,56.2639,9.5018
219,Boards & Toys Co.,3105552373,4097 Douglas Av.,Glendale,92561,11000,Canada,56.1304,-106.3468
223,Nat�rlich Autos,0372-555188,Taucherstra�e 10,Cunewalde,01307,,Spain,40.4637,-3.7492
227,Heintze Collectables,86 21 3555,Smagsloget 45,�rhus,8200,120800,USA,37.0902,-95.7129
233,Qu�bec Home Shopping Network,(514) 555-8054,43 rue St. Laurent,Montr�al,H1J 1C3,48700,UK,55.3781,-3.436
237,ANG Resellers,(91) 745 6555,"Gran V�a, 1",Madrid,28001,,France,46.2276,2.2137
239,Collectable Mini Designs Co.,7605558146,361 Furth Circle,San Diego,91217,105000,Germany,51.1657,10.4515
240,giftsbymail.co.uk,(198) 555-8888,Garden House,Cowes,PO31 7PJ,93900,Italy,41.8719,12.5674
242,Alpha Cognac,61.77.6555,1 rue Alsace-Lorraine,Toulouse,31000,61100,France,46.2276,2.2137
247,Messner Shopping Network,069-0555984,Magazinweg 7,Frankfurt,60528,61100,France,46.2276,2.2137
249,Amica Models & Co.,011-4988555,Via Monte Bianco 34,Torino,10100,113000,Germany,51.1657,10.4515
250,Lyon Souveniers,+33 1 46 62 7555,27 rue du Colonel Pierre Avia,Paris,75508,68100,Canada,56.1304,-106.3468
256,Auto Associ�s & Cie.,30.59.8555,"67, avenue de l'Europe",Versailles,78000,77900,Germany,51.1657,10.4515
259,"Toms Spezialit�ten, Ltd",0221-5554327,Mehrheimerstr. 369,K�ln,50739,120400,Australia,-25.2744,133.7751
260,"Royal Canadian Collectables, Ltd.",(604) 555-4555,23 Tsawassen Blvd.,Tsawassen,T2F 8M4,89600,Italy,41.8719,12.5674
273,"Franken Gifts, Co",089-0877555,Berliner Platz 43,M�nchen,80805,61100,Australia,-25.2744,133.7751
276,"Anna's Decorations, Ltd",02 9936 8555,201 Miller Street,North Sydney,2060,107800,USA,37.0902,-95.7129
278,Rovelli Gifts,035-640555,Via Ludovico il Moro 22,Bergamo,24100,119600,Switzerland,46.8182,8.2275
282,Souveniers And Things Co.,+61 2 9495 8555,Monitor Money Building,777,2067,,Switzerland,46.8182,8.2275
286,Marta's Replicas Co.,6175558555,39323 Spinnaker Dr.,Cambridge,51247,123700,Norway,60.472,8.4689
293,BG&E Collectables,+41 26 425 50 01,Rte des Arsenaux 41 ,Fribourg,1700,61100,Netherlands,52.1326,5.2913
298,"Vida Sport, Ltd",0897-034555,Grenzacherweg 237,Gen�ve,1203,141300,Germany,51.1657,10.4515
299,"Norway Gifts By Mail, Co.",+47 2212 1555,Drammensveien 126A,Oslo,N 0106,95100,Finland,61.9241,25.7482
303,Schuyler Imports,+31 20 491 9555,Kingsfordweg 151,Amsterdam,1043 GR,61100,Belgium,50.5039,4.4699
307,Der Hund Imports,030-0074555,Obere Str. 57,Berlin,12209,61100,USA,37.0902,-95.7129
311,"Oulu Toy Supplies, Inc.",981-443655,Torikatu 38,Oulu,90110,90500,USA,37.0902,-95.7129
314,Petit Auto,(02) 5554 67,Rue Joseph-Bens 532,Bruxelles,B-1180,79900,USA,37.0902,-95.7129
319,Mini Classics,9145554562,3758 North Pendale Street,White Plains,24067,102700,New Zealand,-40.9006,174.886
320,Mini Creations Ltd.,5085559555,4575 Hillside Dr.,New Bedford,50553,94500,UK,55.3781,-3.436
321,Corporate Gift Ideas Co.,6505551386,7734 Strong St.,San Francisco,94217,105000,USA,37.0902,-95.7129
323,"Down Under Souveniers, Inc",+64 9 312 5555,162-164 Grafton Road,Auckland  ,,88000,Australia,-25.2744,133.7751
324,"Stylish Desk Decors, Co.",(171) 555-0297,35 King George,London,WX3 6FW,77000,Finland,61.9241,25.7482
328,Tekni Collectables Inc.,2015559350,7476 Moss Rd.,Newark,94019,43000,Germany,51.1657,10.4515
333,"Australian Gift Network, Co",61-7-3844-6555,31 Duncan St. West End,South Brisbane,4101,51600,USA,37.0902,-95.7129
334,Suominen Souveniers,+358 9 8045 555,Software Engineering Center,Espoo,FIN-02271,98800,Spain,40.4637,-3.7492
335,"Cramer Spezialit�ten, Ltd",0555-09555,Maubelstr. 90,Brandenburg,14776,,USA,37.0902,-95.7129
339,"Classic Gift Ideas, Inc",2155554695,782 First Street,Philadelphia,71270,81100,Ireland,53.4129,-8.2439
344,CAF Imports,+34 913 728 555,Merchants House,Madrid,28023,59600,France,46.2276,2.2137
347,"Men 'R' US Retailers, Ltd.",2155554369,6047 Douglas Av.,Los Angeles,91003,57700,France,46.2276,2.2137
348,"Asian Treasures, Inc.",2967 555,8 Johnstown Road,Cork,,61100,South Africa,-30.5595,22.9375
350,Marseille Mini Autos,91.24.4555,"12, rue des Bouchers",Marseille,13008,65000,New Zealand,-40.9006,174.886
353,Reims Collectables,26.47.1555,59 rue de l'Abbaye,Reims,51100,81100,Germany,51.1657,10.4515
356,"SAR Distributors, Co",+27 21 550 3555,1250 Pretorius Street,Hatfield,0028,61100,USA,37.0902,-95.7129
357,GiftsForHim.com,64-9-3763555,199 Great North Road,Auckland,,77700,USA,37.0902,-95.7129
361,Kommission Auto,0251-555259,Luisenstr. 48,M�nster,44087,61100,Portugal,39.3999,-8.2245
362,Gifts4AllAges.com,6175559555,8616 Spinnaker Dr.,Boston,51003,41900,Switzerland,46.8182,8.2275
363,Online Diecast Creations Co.,6035558647,2304 Long Airport Avenue,Nashua,62005,114200,USA,37.0902,-95.7129
369,"Lisboa Souveniers, Inc",(1) 354-2555,Jardim das rosas n. 32,Lisboa,1675,,Belgium,50.5039,4.4699
376,Precious Collectables,0452-076555,Hauptstr. 29,Bern,3012,61100,Austria,47.5162,14.5501
379,Collectables For Less Inc.,6175558555,7825 Douglas Av.,Brickhaven,58339,70700,Philippines,12.8797,121.774
381,Royale Belge,(071) 23 67 2555,"Boulevard Tirou, 255",Charleroi,B-6000,23500,Italy,41.8719,12.5674
382,Salzburg Collectables,6562-9555,Geislweg 14,Salzburg,5020,71700,Japan,36.2048,138.2529
385,Cruz & Sons Co.,+63 2 555 3587,15 McCallum Street,Makati City,1227 MM,81500,France,46.2276,2.2137
386,L'ordine Souveniers,0522-556555,Strada Provinciale 124,Reggio Emilia,42100,121400,Germany,51.1657,10.4515
398,"Tokyo Collectables, Ltd",+81 3 3584 0555,2-2-8 Roppongi,Minato-ku,106-0032,94400,New Zealand,-40.9006,174.886
406,Auto Canal+ Petit,(1) 47.55.6555,"25, rue Lauriston",Paris,75016,95000,Germany,51.1657,10.4515
409,Stuttgart Collectable Exchange,0711-555361,Adenauerallee 900,Stuttgart,70563,61100,USA,37.0902,-95.7129
412,"Extreme Desk Decorations, Ltd",04 499 9555,101 Lambton Quay,Wellington,,86800,Germany,51.1657,10.4515
415,"Bavarian Collectables Imports, Co.", +49 89 61 08 9555,Hansastr. 15,Munich,80686,77000,USA,37.0902,-95.7129
424,Classic Legends Inc.,2125558493,5905 Pompton St.,NYC,10022,67500,Sweden,60.1282,18.6435
443,"Feuer Online Stores, Inc",0342-555176,Heerstr. 22,Leipzig,04179,,USA,37.0902,-95.7129
447,Gift Ideas Corp.,2035554407,2440 Pompton St.,Glendale,97561,49700,Austria,47.5162,14.5501
448,Scandinavian Gift Ideas,0695-34 6555,�kergatan 24,Br�cke,S-844 67,116400,USA,37.0902,-95.7129
450,The Sharp Gifts Warehouse,4085553659,3086 Ingle Ln.,San Jose,94217,77600,USA,37.0902,-95.7129
452,Mini Auto Werke,7675-3555,Kirchgasse 6,Graz,8010,45300,Spain,40.4637,-3.7492
455,Super Scale Inc.,2035559545,567 North Pendale Street,New Haven,97823,95400,Germany,51.1657,10.4515
456,Microscale Inc.,2125551957,5290 North Pendale Street,NYC,10022,39800,USA,37.0902,-95.7129
458,"Corrida Auto Replicas, Ltd",(91) 555 22 82,"C/ Araquil, 67",Madrid,28023,104600,Spain,40.4637,-3.7492
459,Warburg Exchange,0241-039123,Walserweg 21,Aachen,52066,61100,Australia,-25.2744,133.7751
462,FunGiftIdeas.com,5085552555,1785 First Street,New Bedford,50553,85800,Italy,41.8719,12.5674
465,"Anton Designs, Ltd.",+34 913 728555,"c/ Gobelas, 19-1 Urb. La Florida",Madrid,28023,61100,USA,37.0902,-95.7129
471,"Australian Collectables, Ltd",61-9-3844-6555,7 Allen Street,Glen Waverly,3150,60300,Germany,51.1657,10.4515
473,Frau da Collezione,+39 022515555,20093 Cologno Monzese,Milan,,34800,Russia,61.524,105.3188
475,West Coast Collectables Co.,3105553722,3675 Furth Circle,Burbank,94019,55400,Israel,31.0461,34.8516
477,Mit Vergn�gen & Co.,0621-08555,Forsterstr. 57,Mannheim,68306,61100,Spain,40.4637,-3.7492
480,"Kremlin Collectables, Co.",+7 812 293 0521,2 Pobedy Square,Saint Petersburg,196143,61100,USA,37.0902,-95.7129
481,"Raanan Stores, Inc",+ 972 9 959 8555,3 Hagalim Blv.,Herzlia,47625,61100,USA,37.0902,-95.7129
484,"Iberia Gift Imports, Corp.",(95) 555 82 82,"C/ Romero, 33",Sevilla,41101,65700,UK,55.3781,-3.436
486,Motor Mint Distributors Inc.,2155559857,11328 Douglas Av.,Philadelphia,71270,72600,USA,37.0902,-95.7129
487,Signal Collectibles Ltd.,4155554312,2793 Furth Circle,Brisbane,94217,60300,New Zealand,-40.9006,174.886
489,"Double Decker Gift Stores, Ltd",(171) 555-7555,120 Hanover Sq.,London,WA1 1DP,43300,,,
495,Diecast Collectables,6175552555,6251 Ingle Ln.,Boston,51003,85100,,,
496,Kelly's Gift Shop,+64 9 5555500,Arenales 1938 3'A',Auckland  ,,110000,,,
